sourceOccurrenceId	sourceTaxonId	sourceTaxonName	sourceBodyPartId	sourceBodyPartName	sourceLifeStageId	sourceLifeStageName	sourcePhysiologicalStateId	sourcePhysiologicalStateName	interactionTypeId	interactionTypeName	targetOccurrenceId	targetTaxonId	targetTaxonName	targetBodyPartId	targetBodyPartName	targetLifeStageId	targetLifeStageName	targetPhysiologicalStateId	targetPhysiologicalStateName	localityId	localityName	decimalLatitude	decimalLongitude	observationDateTime	referenceDoi	referenceUrl	referenceCitation
23	ITIS:107058	Cimex lectularius							http://purl.obolibrary.org/obo/RO_0002444	parasite of		NCBI:txid9397	Chiroptera								Libochovice, Litoměřice district, attic of apt. building, Libochovice, Litoměřice district, attic of apt. building, Czech Rep.	50.4	14.016667	2005-10-06	10.1007/s00436-012-2862-5	https://idp.springer.com/authorize/casa?redirect_uri=https://link.springer.com/article/10.1007/s00436-012-2862-5&casa_token=Ys3992DCZCkAAAAA:8zsXpYBxa-5fk9onnIMwxIUXRiUEHHi_8F9D-TH4SXG-EBa0BTGxR1W_mPBeJt6D8WttJ6sjDkKzpdPyGw	Balvín, O., Munclinger, P., Kratochvíl, L., & Vilímová, J. (2012). Mitochondrial DNA and morphology show independent evolutionary histories of bedbug Cimex lectularius (Heteroptera: Cimicidae) on bats and humans. Parasitology Research, 111(1), 457-469.
173	ITIS:107058	Cimex lectularius							http://purl.obolibrary.org/obo/RO_0002444	parasite of		NCBI:txid9397	Chiroptera								Hnanice, Znojmo district, gamekeeper’s house, Hnanice, Znojmo district, gamekeeper’s house, Czech Rep.	48.8	15.966667	2003-04-05	10.1007/s00436-012-2862-5	https://idp.springer.com/authorize/casa?redirect_uri=https://link.springer.com/article/10.1007/s00436-012-2862-5&casa_token=Ys3992DCZCkAAAAA:8zsXpYBxa-5fk9onnIMwxIUXRiUEHHi_8F9D-TH4SXG-EBa0BTGxR1W_mPBeJt6D8WttJ6sjDkKzpdPyGw	Balvín, O., Munclinger, P., Kratochvíl, L., & Vilímová, J. (2012). Mitochondrial DNA and morphology show independent evolutionary histories of bedbug Cimex lectularius (Heteroptera: Cimicidae) on bats and humans. Parasitology Research, 111(1), 457-469.
502	ITIS:107058	Cimex lectularius							http://purl.obolibrary.org/obo/RO_0002444	parasite of		NCBI:txid9397	Chiroptera								Björkö, Houtskär, summer cottage, Björkö, Houtskär, summer cottage, Finland	60.25	21.383333	2008-06-15	10.1007/s00436-012-2862-5	https://idp.springer.com/authorize/casa?redirect_uri=https://link.springer.com/article/10.1007/s00436-012-2862-5&casa_token=Ys3992DCZCkAAAAA:8zsXpYBxa-5fk9onnIMwxIUXRiUEHHi_8F9D-TH4SXG-EBa0BTGxR1W_mPBeJt6D8WttJ6sjDkKzpdPyGw	Balvín, O., Munclinger, P., Kratochvíl, L., & Vilímová, J. (2012). Mitochondrial DNA and morphology show independent evolutionary histories of bedbug Cimex lectularius (Heteroptera: Cimicidae) on bats and humans. Parasitology Research, 111(1), 457-469.
410	ITIS:107058	Cimex lectularius							http://purl.obolibrary.org/obo/RO_0002444	parasite of		NCBI:txid9397	Chiroptera								Szalonna, Borsod-Abaúj-Zemplén County, church, Szalonna, Borsod-Abaúj-Zemplén County, church, Hungary	48.433333	20.733333	2009-09-07	10.1007/s00436-012-2862-5	https://idp.springer.com/authorize/casa?redirect_uri=https://link.springer.com/article/10.1007/s00436-012-2862-5&casa_token=Ys3992DCZCkAAAAA:8zsXpYBxa-5fk9onnIMwxIUXRiUEHHi_8F9D-TH4SXG-EBa0BTGxR1W_mPBeJt6D8WttJ6sjDkKzpdPyGw	Balvín, O., Munclinger, P., Kratochvíl, L., & Vilímová, J. (2012). Mitochondrial DNA and morphology show independent evolutionary histories of bedbug Cimex lectularius (Heteroptera: Cimicidae) on bats and humans. Parasitology Research, 111(1), 457-469.
412	ITIS:107058	Cimex lectularius							http://purl.obolibrary.org/obo/RO_0002444	parasite of		NCBI:txid9397	Chiroptera								Viszló, Borsod-Abaúj-Zemplén County, church, Viszló, Borsod-Abaúj-Zemplén County, church, Hungary	48.483333	20.883333	2009-09-07	10.1007/s00436-012-2862-5	https://idp.springer.com/authorize/casa?redirect_uri=https://link.springer.com/article/10.1007/s00436-012-2862-5&casa_token=Ys3992DCZCkAAAAA:8zsXpYBxa-5fk9onnIMwxIUXRiUEHHi_8F9D-TH4SXG-EBa0BTGxR1W_mPBeJt6D8WttJ6sjDkKzpdPyGw	Balvín, O., Munclinger, P., Kratochvíl, L., & Vilímová, J. (2012). Mitochondrial DNA and morphology show independent evolutionary histories of bedbug Cimex lectularius (Heteroptera: Cimicidae) on bats and humans. Parasitology Research, 111(1), 457-469.
77	ITIS:107058	Cimex lectularius							http://purl.obolibrary.org/obo/RO_0002444	parasite of		NCBI:txid59452	Eptesicus serotinus								Oleksovice, Znojmo district, church, Oleksovice, Znojmo district, church, Czech Rep.	48.9	16.233333	2001-02-07	10.1007/s00436-012-2862-5	https://idp.springer.com/authorize/casa?redirect_uri=https://link.springer.com/article/10.1007/s00436-012-2862-5&casa_token=Ys3992DCZCkAAAAA:8zsXpYBxa-5fk9onnIMwxIUXRiUEHHi_8F9D-TH4SXG-EBa0BTGxR1W_mPBeJt6D8WttJ6sjDkKzpdPyGw	Balvín, O., Munclinger, P., Kratochvíl, L., & Vilímová, J. (2012). Mitochondrial DNA and morphology show independent evolutionary histories of bedbug Cimex lectularius (Heteroptera: Cimicidae) on bats and humans. Parasitology Research, 111(1), 457-469.
413	ITIS:107058	Cimex lectularius							http://purl.obolibrary.org/obo/RO_0002444	parasite of		NCBI:txid59452	Eptesicus serotinus								Bódvalenke, Borsod-Abaúj-Zemplén County, church, Bódvalenke, Borsod-Abaúj-Zemplén County, church, Hungary	48.533333	20.8	2009-09-07	10.1007/s00436-012-2862-5	https://idp.springer.com/authorize/casa?redirect_uri=https://link.springer.com/article/10.1007/s00436-012-2862-5&casa_token=Ys3992DCZCkAAAAA:8zsXpYBxa-5fk9onnIMwxIUXRiUEHHi_8F9D-TH4SXG-EBa0BTGxR1W_mPBeJt6D8WttJ6sjDkKzpdPyGw	Balvín, O., Munclinger, P., Kratochvíl, L., & Vilímová, J. (2012). Mitochondrial DNA and morphology show independent evolutionary histories of bedbug Cimex lectularius (Heteroptera: Cimicidae) on bats and humans. Parasitology Research, 111(1), 457-469.
23	ITIS:107058	Cimex lectularius							http://purl.obolibrary.org/obo/RO_0002444	parasite of		NCBI:txid9606	Homo sapiens								Libochovice, Litoměřice district, attic of apt. building, Libochovice, Litoměřice district, attic of apt. building, Czech Rep.	50.4	14.016667	2005-10-06	10.1007/s00436-012-2862-5	https://idp.springer.com/authorize/casa?redirect_uri=https://link.springer.com/article/10.1007/s00436-012-2862-5&casa_token=Ys3992DCZCkAAAAA:8zsXpYBxa-5fk9onnIMwxIUXRiUEHHi_8F9D-TH4SXG-EBa0BTGxR1W_mPBeJt6D8WttJ6sjDkKzpdPyGw	Balvín, O., Munclinger, P., Kratochvíl, L., & Vilímová, J. (2012). Mitochondrial DNA and morphology show independent evolutionary histories of bedbug Cimex lectularius (Heteroptera: Cimicidae) on bats and humans. Parasitology Research, 111(1), 457-469.
173	ITIS:107058	Cimex lectularius							http://purl.obolibrary.org/obo/RO_0002444	parasite of		NCBI:txid9606	Homo sapiens								Hnanice, Znojmo district, gamekeeper’s house, Hnanice, Znojmo district, gamekeeper’s house, Czech Rep.	48.8	15.966667	2003-04-05	10.1007/s00436-012-2862-5	https://idp.springer.com/authorize/casa?redirect_uri=https://link.springer.com/article/10.1007/s00436-012-2862-5&casa_token=Ys3992DCZCkAAAAA:8zsXpYBxa-5fk9onnIMwxIUXRiUEHHi_8F9D-TH4SXG-EBa0BTGxR1W_mPBeJt6D8WttJ6sjDkKzpdPyGw	Balvín, O., Munclinger, P., Kratochvíl, L., & Vilímová, J. (2012). Mitochondrial DNA and morphology show independent evolutionary histories of bedbug Cimex lectularius (Heteroptera: Cimicidae) on bats and humans. Parasitology Research, 111(1), 457-469.
502	ITIS:107058	Cimex lectularius							http://purl.obolibrary.org/obo/RO_0002444	parasite of		NCBI:txid9606	Homo sapiens								Björkö, Houtskär, summer cottage, Björkö, Houtskär, summer cottage, Finland	60.25	21.383333	2008-06-15	10.1007/s00436-012-2862-5	https://idp.springer.com/authorize/casa?redirect_uri=https://link.springer.com/article/10.1007/s00436-012-2862-5&casa_token=Ys3992DCZCkAAAAA:8zsXpYBxa-5fk9onnIMwxIUXRiUEHHi_8F9D-TH4SXG-EBa0BTGxR1W_mPBeJt6D8WttJ6sjDkKzpdPyGw	Balvín, O., Munclinger, P., Kratochvíl, L., & Vilímová, J. (2012). Mitochondrial DNA and morphology show independent evolutionary histories of bedbug Cimex lectularius (Heteroptera: Cimicidae) on bats and humans. Parasitology Research, 111(1), 457-469.
9	ITIS:107058	Cimex lectularius							http://purl.obolibrary.org/obo/RO_0002444	parasite of		NCBI:txid9606	Homo sapiens								Prague hospital, originaly Úvaly, family house, Prague hospital, originaly Úvaly, family house, Czech Rep.	50.066667	14.716667	2005-01-04	10.1007/s00436-012-2862-5	https://idp.springer.com/authorize/casa?redirect_uri=https://link.springer.com/article/10.1007/s00436-012-2862-5&casa_token=Ys3992DCZCkAAAAA:8zsXpYBxa-5fk9onnIMwxIUXRiUEHHi_8F9D-TH4SXG-EBa0BTGxR1W_mPBeJt6D8WttJ6sjDkKzpdPyGw	Balvín, O., Munclinger, P., Kratochvíl, L., & Vilímová, J. (2012). Mitochondrial DNA and morphology show independent evolutionary histories of bedbug Cimex lectularius (Heteroptera: Cimicidae) on bats and humans. Parasitology Research, 111(1), 457-469.
26	ITIS:107058	Cimex lectularius							http://purl.obolibrary.org/obo/RO_0002444	parasite of		NCBI:txid9606	Homo sapiens								Olomouc, stock of station Hygiene, originally hotel, Olomouc, stock of station Hygiene, originally hotel, Czech Rep.	49.583333	17.233333	1905-06-27	10.1007/s00436-012-2862-5	https://idp.springer.com/authorize/casa?redirect_uri=https://link.springer.com/article/10.1007/s00436-012-2862-5&casa_token=Ys3992DCZCkAAAAA:8zsXpYBxa-5fk9onnIMwxIUXRiUEHHi_8F9D-TH4SXG-EBa0BTGxR1W_mPBeJt6D8WttJ6sjDkKzpdPyGw	Balvín, O., Munclinger, P., Kratochvíl, L., & Vilímová, J. (2012). Mitochondrial DNA and morphology show independent evolutionary histories of bedbug Cimex lectularius (Heteroptera: Cimicidae) on bats and humans. Parasitology Research, 111(1), 457-469.
34	ITIS:107058	Cimex lectularius							http://purl.obolibrary.org/obo/RO_0002444	parasite of		NCBI:txid9606	Homo sapiens								Manhattan, New York, unknown conditions, Manhattan, New York, unknown conditions, USA	40.75	73.983333	2005-08-12	10.1007/s00436-012-2862-5	https://idp.springer.com/authorize/casa?redirect_uri=https://link.springer.com/article/10.1007/s00436-012-2862-5&casa_token=Ys3992DCZCkAAAAA:8zsXpYBxa-5fk9onnIMwxIUXRiUEHHi_8F9D-TH4SXG-EBa0BTGxR1W_mPBeJt6D8WttJ6sjDkKzpdPyGw	Balvín, O., Munclinger, P., Kratochvíl, L., & Vilímová, J. (2012). Mitochondrial DNA and morphology show independent evolutionary histories of bedbug Cimex lectularius (Heteroptera: Cimicidae) on bats and humans. Parasitology Research, 111(1), 457-469.
56	ITIS:107058	Cimex lectularius							http://purl.obolibrary.org/obo/RO_0002444	parasite of		NCBI:txid9606	Homo sapiens								Prague, apt. building, Prague, apt. building, Czech Rep.	50.083333	14.416667	2006-01-06	10.1007/s00436-012-2862-5	https://idp.springer.com/authorize/casa?redirect_uri=https://link.springer.com/article/10.1007/s00436-012-2862-5&casa_token=Ys3992DCZCkAAAAA:8zsXpYBxa-5fk9onnIMwxIUXRiUEHHi_8F9D-TH4SXG-EBa0BTGxR1W_mPBeJt6D8WttJ6sjDkKzpdPyGw	Balvín, O., Munclinger, P., Kratochvíl, L., & Vilímová, J. (2012). Mitochondrial DNA and morphology show independent evolutionary histories of bedbug Cimex lectularius (Heteroptera: Cimicidae) on bats and humans. Parasitology Research, 111(1), 457-469.
87	ITIS:107058	Cimex lectularius							http://purl.obolibrary.org/obo/RO_0002444	parasite of		NCBI:txid9606	Homo sapiens								University of Sheffield, stock, University of Sheffield, stock, Great Britain			1905-06-28	10.1007/s00436-012-2862-5	https://idp.springer.com/authorize/casa?redirect_uri=https://link.springer.com/article/10.1007/s00436-012-2862-5&casa_token=Ys3992DCZCkAAAAA:8zsXpYBxa-5fk9onnIMwxIUXRiUEHHi_8F9D-TH4SXG-EBa0BTGxR1W_mPBeJt6D8WttJ6sjDkKzpdPyGw	Balvín, O., Munclinger, P., Kratochvíl, L., & Vilímová, J. (2012). Mitochondrial DNA and morphology show independent evolutionary histories of bedbug Cimex lectularius (Heteroptera: Cimicidae) on bats and humans. Parasitology Research, 111(1), 457-469.
88	ITIS:107058	Cimex lectularius							http://purl.obolibrary.org/obo/RO_0002444	parasite of		NCBI:txid9606	Homo sapiens								Cambridge, unknown conditions, Cambridge, unknown conditions, Great Britain	52.2	1.45	1905-06-28	10.1007/s00436-012-2862-5	https://idp.springer.com/authorize/casa?redirect_uri=https://link.springer.com/article/10.1007/s00436-012-2862-5&casa_token=Ys3992DCZCkAAAAA:8zsXpYBxa-5fk9onnIMwxIUXRiUEHHi_8F9D-TH4SXG-EBa0BTGxR1W_mPBeJt6D8WttJ6sjDkKzpdPyGw	Balvín, O., Munclinger, P., Kratochvíl, L., & Vilímová, J. (2012). Mitochondrial DNA and morphology show independent evolutionary histories of bedbug Cimex lectularius (Heteroptera: Cimicidae) on bats and humans. Parasitology Research, 111(1), 457-469.
94	ITIS:107058	Cimex lectularius							http://purl.obolibrary.org/obo/RO_0002444	parasite of		NCBI:txid9606	Homo sapiens								Brighton, unknown conditions, Brighton, unknown conditions, Great Britain	50.816667	0.133333	2003-01-07	10.1007/s00436-012-2862-5	https://idp.springer.com/authorize/casa?redirect_uri=https://link.springer.com/article/10.1007/s00436-012-2862-5&casa_token=Ys3992DCZCkAAAAA:8zsXpYBxa-5fk9onnIMwxIUXRiUEHHi_8F9D-TH4SXG-EBa0BTGxR1W_mPBeJt6D8WttJ6sjDkKzpdPyGw	Balvín, O., Munclinger, P., Kratochvíl, L., & Vilímová, J. (2012). Mitochondrial DNA and morphology show independent evolutionary histories of bedbug Cimex lectularius (Heteroptera: Cimicidae) on bats and humans. Parasitology Research, 111(1), 457-469.
97	ITIS:107058	Cimex lectularius							http://purl.obolibrary.org/obo/RO_0002444	parasite of		NCBI:txid9606	Homo sapiens								Uckfield, East Sussex, family house, Uckfield, East Sussex, family house, Great Britain	50.966667	0.1	2003-02-27	10.1007/s00436-012-2862-5	https://idp.springer.com/authorize/casa?redirect_uri=https://link.springer.com/article/10.1007/s00436-012-2862-5&casa_token=Ys3992DCZCkAAAAA:8zsXpYBxa-5fk9onnIMwxIUXRiUEHHi_8F9D-TH4SXG-EBa0BTGxR1W_mPBeJt6D8WttJ6sjDkKzpdPyGw	Balvín, O., Munclinger, P., Kratochvíl, L., & Vilímová, J. (2012). Mitochondrial DNA and morphology show independent evolutionary histories of bedbug Cimex lectularius (Heteroptera: Cimicidae) on bats and humans. Parasitology Research, 111(1), 457-469.
110	ITIS:107058	Cimex lectularius							http://purl.obolibrary.org/obo/RO_0002444	parasite of		NCBI:txid9606	Homo sapiens								Marseille, apt. building, Marseille, apt. building, France	43.333333	5.4	2007-06-26	10.1007/s00436-012-2862-5	https://idp.springer.com/authorize/casa?redirect_uri=https://link.springer.com/article/10.1007/s00436-012-2862-5&casa_token=Ys3992DCZCkAAAAA:8zsXpYBxa-5fk9onnIMwxIUXRiUEHHi_8F9D-TH4SXG-EBa0BTGxR1W_mPBeJt6D8WttJ6sjDkKzpdPyGw	Balvín, O., Munclinger, P., Kratochvíl, L., & Vilímová, J. (2012). Mitochondrial DNA and morphology show independent evolutionary histories of bedbug Cimex lectularius (Heteroptera: Cimicidae) on bats and humans. Parasitology Research, 111(1), 457-469.
111	ITIS:107058	Cimex lectularius							http://purl.obolibrary.org/obo/RO_0002444	parasite of		NCBI:txid9606	Homo sapiens								Prague, apt. building, Prague, apt. building, Czech Rep.	50.083333	14.416667	2007-08-31	10.1007/s00436-012-2862-5	https://idp.springer.com/authorize/casa?redirect_uri=https://link.springer.com/article/10.1007/s00436-012-2862-5&casa_token=Ys3992DCZCkAAAAA:8zsXpYBxa-5fk9onnIMwxIUXRiUEHHi_8F9D-TH4SXG-EBa0BTGxR1W_mPBeJt6D8WttJ6sjDkKzpdPyGw	Balvín, O., Munclinger, P., Kratochvíl, L., & Vilímová, J. (2012). Mitochondrial DNA and morphology show independent evolutionary histories of bedbug Cimex lectularius (Heteroptera: Cimicidae) on bats and humans. Parasitology Research, 111(1), 457-469.
119	ITIS:107058	Cimex lectularius							http://purl.obolibrary.org/obo/RO_0002444	parasite of		NCBI:txid9606	Homo sapiens								Prague, hotel, Prague, hotel, Czech Rep.	50.066667	14.4	2007-11-29	10.1007/s00436-012-2862-5	https://idp.springer.com/authorize/casa?redirect_uri=https://link.springer.com/article/10.1007/s00436-012-2862-5&casa_token=Ys3992DCZCkAAAAA:8zsXpYBxa-5fk9onnIMwxIUXRiUEHHi_8F9D-TH4SXG-EBa0BTGxR1W_mPBeJt6D8WttJ6sjDkKzpdPyGw	Balvín, O., Munclinger, P., Kratochvíl, L., & Vilímová, J. (2012). Mitochondrial DNA and morphology show independent evolutionary histories of bedbug Cimex lectularius (Heteroptera: Cimicidae) on bats and humans. Parasitology Research, 111(1), 457-469.
165	ITIS:107058	Cimex lectularius							http://purl.obolibrary.org/obo/RO_0002444	parasite of		NCBI:txid9606	Homo sapiens								Prague, student lodgings, Prague, student lodgings, Czech Rep.	50.066667	14.4	2002-01-12	10.1007/s00436-012-2862-5	https://idp.springer.com/authorize/casa?redirect_uri=https://link.springer.com/article/10.1007/s00436-012-2862-5&casa_token=Ys3992DCZCkAAAAA:8zsXpYBxa-5fk9onnIMwxIUXRiUEHHi_8F9D-TH4SXG-EBa0BTGxR1W_mPBeJt6D8WttJ6sjDkKzpdPyGw	Balvín, O., Munclinger, P., Kratochvíl, L., & Vilímová, J. (2012). Mitochondrial DNA and morphology show independent evolutionary histories of bedbug Cimex lectularius (Heteroptera: Cimicidae) on bats and humans. Parasitology Research, 111(1), 457-469.
186	ITIS:107058	Cimex lectularius							http://purl.obolibrary.org/obo/RO_0002444	parasite of		NCBI:txid9606	Homo sapiens								Ponte di Legno, unknown conditions, Ponte di Legno, unknown conditions, Italy	46.25	10.5	2002-01-04	10.1007/s00436-012-2862-5	https://idp.springer.com/authorize/casa?redirect_uri=https://link.springer.com/article/10.1007/s00436-012-2862-5&casa_token=Ys3992DCZCkAAAAA:8zsXpYBxa-5fk9onnIMwxIUXRiUEHHi_8F9D-TH4SXG-EBa0BTGxR1W_mPBeJt6D8WttJ6sjDkKzpdPyGw	Balvín, O., Munclinger, P., Kratochvíl, L., & Vilímová, J. (2012). Mitochondrial DNA and morphology show independent evolutionary histories of bedbug Cimex lectularius (Heteroptera: Cimicidae) on bats and humans. Parasitology Research, 111(1), 457-469.
187	ITIS:107058	Cimex lectularius							http://purl.obolibrary.org/obo/RO_0002444	parasite of		NCBI:txid9606	Homo sapiens								Prague, Radotín, unknown conditions, Prague, Radotín, unknown conditions, Czech Rep.	49.983333	14.35	2003-01-05	10.1007/s00436-012-2862-5	https://idp.springer.com/authorize/casa?redirect_uri=https://link.springer.com/article/10.1007/s00436-012-2862-5&casa_token=Ys3992DCZCkAAAAA:8zsXpYBxa-5fk9onnIMwxIUXRiUEHHi_8F9D-TH4SXG-EBa0BTGxR1W_mPBeJt6D8WttJ6sjDkKzpdPyGw	Balvín, O., Munclinger, P., Kratochvíl, L., & Vilímová, J. (2012). Mitochondrial DNA and morphology show independent evolutionary histories of bedbug Cimex lectularius (Heteroptera: Cimicidae) on bats and humans. Parasitology Research, 111(1), 457-469.
238	ITIS:107058	Cimex lectularius							http://purl.obolibrary.org/obo/RO_0002444	parasite of		NCBI:txid9606	Homo sapiens								Kralupy nad Vltavou, unknown conditions, Kralupy nad Vltavou, unknown conditions, Czech Rep.	50.233333	14.3	2004-01-10	10.1007/s00436-012-2862-5	https://idp.springer.com/authorize/casa?redirect_uri=https://link.springer.com/article/10.1007/s00436-012-2862-5&casa_token=Ys3992DCZCkAAAAA:8zsXpYBxa-5fk9onnIMwxIUXRiUEHHi_8F9D-TH4SXG-EBa0BTGxR1W_mPBeJt6D8WttJ6sjDkKzpdPyGw	Balvín, O., Munclinger, P., Kratochvíl, L., & Vilímová, J. (2012). Mitochondrial DNA and morphology show independent evolutionary histories of bedbug Cimex lectularius (Heteroptera: Cimicidae) on bats and humans. Parasitology Research, 111(1), 457-469.
501	ITIS:107058	Cimex lectularius							http://purl.obolibrary.org/obo/RO_0002444	parasite of		NCBI:txid9606	Homo sapiens								Kabud Chauz, Goluboe ozero, hotel, Kabud Chauz, Goluboe ozero, hotel, Tajikistan	38.833333	70.2	2008-08-08	10.1007/s00436-012-2862-5	https://idp.springer.com/authorize/casa?redirect_uri=https://link.springer.com/article/10.1007/s00436-012-2862-5&casa_token=Ys3992DCZCkAAAAA:8zsXpYBxa-5fk9onnIMwxIUXRiUEHHi_8F9D-TH4SXG-EBa0BTGxR1W_mPBeJt6D8WttJ6sjDkKzpdPyGw	Balvín, O., Munclinger, P., Kratochvíl, L., & Vilímová, J. (2012). Mitochondrial DNA and morphology show independent evolutionary histories of bedbug Cimex lectularius (Heteroptera: Cimicidae) on bats and humans. Parasitology Research, 111(1), 457-469.
503	ITIS:107058	Cimex lectularius							http://purl.obolibrary.org/obo/RO_0002444	parasite of		NCBI:txid9606	Homo sapiens								Helsinki, apt. building, Helsinki, apt. building, Finland	60.2	24.95	2008-10-10	10.1007/s00436-012-2862-5	https://idp.springer.com/authorize/casa?redirect_uri=https://link.springer.com/article/10.1007/s00436-012-2862-5&casa_token=Ys3992DCZCkAAAAA:8zsXpYBxa-5fk9onnIMwxIUXRiUEHHi_8F9D-TH4SXG-EBa0BTGxR1W_mPBeJt6D8WttJ6sjDkKzpdPyGw	Balvín, O., Munclinger, P., Kratochvíl, L., & Vilímová, J. (2012). Mitochondrial DNA and morphology show independent evolutionary histories of bedbug Cimex lectularius (Heteroptera: Cimicidae) on bats and humans. Parasitology Research, 111(1), 457-469.
504	ITIS:107058	Cimex lectularius							http://purl.obolibrary.org/obo/RO_0002444	parasite of		NCBI:txid9606	Homo sapiens								Brisbane, Kangaroo point, O’Connel street, apt. building, Brisbane, Kangaroo point, O’Connel street, apt. building, Australia	60.2	24.95	2007-01-03	10.1007/s00436-012-2862-5	https://idp.springer.com/authorize/casa?redirect_uri=https://link.springer.com/article/10.1007/s00436-012-2862-5&casa_token=Ys3992DCZCkAAAAA:8zsXpYBxa-5fk9onnIMwxIUXRiUEHHi_8F9D-TH4SXG-EBa0BTGxR1W_mPBeJt6D8WttJ6sjDkKzpdPyGw	Balvín, O., Munclinger, P., Kratochvíl, L., & Vilímová, J. (2012). Mitochondrial DNA and morphology show independent evolutionary histories of bedbug Cimex lectularius (Heteroptera: Cimicidae) on bats and humans. Parasitology Research, 111(1), 457-469.
505	ITIS:107058	Cimex lectularius							http://purl.obolibrary.org/obo/RO_0002444	parasite of		NCBI:txid9606	Homo sapiens								Prague, Tusarova, apt. building, Prague, Tusarova, apt. building, Czech Rep.	50.1	14.45	2008-01-12	10.1007/s00436-012-2862-5	https://idp.springer.com/authorize/casa?redirect_uri=https://link.springer.com/article/10.1007/s00436-012-2862-5&casa_token=Ys3992DCZCkAAAAA:8zsXpYBxa-5fk9onnIMwxIUXRiUEHHi_8F9D-TH4SXG-EBa0BTGxR1W_mPBeJt6D8WttJ6sjDkKzpdPyGw	Balvín, O., Munclinger, P., Kratochvíl, L., & Vilímová, J. (2012). Mitochondrial DNA and morphology show independent evolutionary histories of bedbug Cimex lectularius (Heteroptera: Cimicidae) on bats and humans. Parasitology Research, 111(1), 457-469.
506	ITIS:107058	Cimex lectularius							http://purl.obolibrary.org/obo/RO_0002444	parasite of		NCBI:txid9606	Homo sapiens								Prague, Klírova, apt. building, Prague, Klírova, apt. building, Czech Rep.	50.016667	14.483333	2009-11-03	10.1007/s00436-012-2862-5	https://idp.springer.com/authorize/casa?redirect_uri=https://link.springer.com/article/10.1007/s00436-012-2862-5&casa_token=Ys3992DCZCkAAAAA:8zsXpYBxa-5fk9onnIMwxIUXRiUEHHi_8F9D-TH4SXG-EBa0BTGxR1W_mPBeJt6D8WttJ6sjDkKzpdPyGw	Balvín, O., Munclinger, P., Kratochvíl, L., & Vilímová, J. (2012). Mitochondrial DNA and morphology show independent evolutionary histories of bedbug Cimex lectularius (Heteroptera: Cimicidae) on bats and humans. Parasitology Research, 111(1), 457-469.
507	ITIS:107058	Cimex lectularius							http://purl.obolibrary.org/obo/RO_0002444	parasite of		NCBI:txid9606	Homo sapiens								Prague, Klírova, apt. building, Prague, Klírova, apt. building, Czech Rep.	50.016667	14.483333	2009-03-28	10.1007/s00436-012-2862-5	https://idp.springer.com/authorize/casa?redirect_uri=https://link.springer.com/article/10.1007/s00436-012-2862-5&casa_token=Ys3992DCZCkAAAAA:8zsXpYBxa-5fk9onnIMwxIUXRiUEHHi_8F9D-TH4SXG-EBa0BTGxR1W_mPBeJt6D8WttJ6sjDkKzpdPyGw	Balvín, O., Munclinger, P., Kratochvíl, L., & Vilímová, J. (2012). Mitochondrial DNA and morphology show independent evolutionary histories of bedbug Cimex lectularius (Heteroptera: Cimicidae) on bats and humans. Parasitology Research, 111(1), 457-469.
508	ITIS:107058	Cimex lectularius							http://purl.obolibrary.org/obo/RO_0002444	parasite of		NCBI:txid9606	Homo sapiens								Prague, hostel, Prague, hostel, Czech Rep.	50.066667	14.416667	2009-01-04	10.1007/s00436-012-2862-5	https://idp.springer.com/authorize/casa?redirect_uri=https://link.springer.com/article/10.1007/s00436-012-2862-5&casa_token=Ys3992DCZCkAAAAA:8zsXpYBxa-5fk9onnIMwxIUXRiUEHHi_8F9D-TH4SXG-EBa0BTGxR1W_mPBeJt6D8WttJ6sjDkKzpdPyGw	Balvín, O., Munclinger, P., Kratochvíl, L., & Vilímová, J. (2012). Mitochondrial DNA and morphology show independent evolutionary histories of bedbug Cimex lectularius (Heteroptera: Cimicidae) on bats and humans. Parasitology Research, 111(1), 457-469.
510	ITIS:107058	Cimex lectularius							http://purl.obolibrary.org/obo/RO_0002444	parasite of		NCBI:txid9606	Homo sapiens								Bohumín, apt. building, Bohumín, apt. building, Czech Rep.	49.916667	18.333333	2009-03-16	10.1007/s00436-012-2862-5	https://idp.springer.com/authorize/casa?redirect_uri=https://link.springer.com/article/10.1007/s00436-012-2862-5&casa_token=Ys3992DCZCkAAAAA:8zsXpYBxa-5fk9onnIMwxIUXRiUEHHi_8F9D-TH4SXG-EBa0BTGxR1W_mPBeJt6D8WttJ6sjDkKzpdPyGw	Balvín, O., Munclinger, P., Kratochvíl, L., & Vilímová, J. (2012). Mitochondrial DNA and morphology show independent evolutionary histories of bedbug Cimex lectularius (Heteroptera: Cimicidae) on bats and humans. Parasitology Research, 111(1), 457-469.
511	ITIS:107058	Cimex lectularius							http://purl.obolibrary.org/obo/RO_0002444	parasite of		NCBI:txid9606	Homo sapiens								Bohumín, apt. building, Bohumín, apt. building, Czech Rep.	49.9	18.333333	2009-03-16	10.1007/s00436-012-2862-5	https://idp.springer.com/authorize/casa?redirect_uri=https://link.springer.com/article/10.1007/s00436-012-2862-5&casa_token=Ys3992DCZCkAAAAA:8zsXpYBxa-5fk9onnIMwxIUXRiUEHHi_8F9D-TH4SXG-EBa0BTGxR1W_mPBeJt6D8WttJ6sjDkKzpdPyGw	Balvín, O., Munclinger, P., Kratochvíl, L., & Vilímová, J. (2012). Mitochondrial DNA and morphology show independent evolutionary histories of bedbug Cimex lectularius (Heteroptera: Cimicidae) on bats and humans. Parasitology Research, 111(1), 457-469.
512	ITIS:107058	Cimex lectularius							http://purl.obolibrary.org/obo/RO_0002444	parasite of		NCBI:txid9606	Homo sapiens								Ostrava - Poruba, apt. building, Ostrava - Poruba, apt. building, Czech Rep.	49.816667	18.166667	2009-03-14	10.1007/s00436-012-2862-5	https://idp.springer.com/authorize/casa?redirect_uri=https://link.springer.com/article/10.1007/s00436-012-2862-5&casa_token=Ys3992DCZCkAAAAA:8zsXpYBxa-5fk9onnIMwxIUXRiUEHHi_8F9D-TH4SXG-EBa0BTGxR1W_mPBeJt6D8WttJ6sjDkKzpdPyGw	Balvín, O., Munclinger, P., Kratochvíl, L., & Vilímová, J. (2012). Mitochondrial DNA and morphology show independent evolutionary histories of bedbug Cimex lectularius (Heteroptera: Cimicidae) on bats and humans. Parasitology Research, 111(1), 457-469.
513	ITIS:107058	Cimex lectularius							http://purl.obolibrary.org/obo/RO_0002444	parasite of		NCBI:txid9606	Homo sapiens								Karviná, apt. building, Karviná, apt. building, Czech Rep.	49.85	18.55	2009-03-20	10.1007/s00436-012-2862-5	https://idp.springer.com/authorize/casa?redirect_uri=https://link.springer.com/article/10.1007/s00436-012-2862-5&casa_token=Ys3992DCZCkAAAAA:8zsXpYBxa-5fk9onnIMwxIUXRiUEHHi_8F9D-TH4SXG-EBa0BTGxR1W_mPBeJt6D8WttJ6sjDkKzpdPyGw	Balvín, O., Munclinger, P., Kratochvíl, L., & Vilímová, J. (2012). Mitochondrial DNA and morphology show independent evolutionary histories of bedbug Cimex lectularius (Heteroptera: Cimicidae) on bats and humans. Parasitology Research, 111(1), 457-469.
514	ITIS:107058	Cimex lectularius							http://purl.obolibrary.org/obo/RO_0002444	parasite of		NCBI:txid9606	Homo sapiens								Ostrava - Poruba, apt. building, Ostrava - Poruba, apt. building, Czech Rep.	49.816667	18.183333	2009-04-17	10.1007/s00436-012-2862-5	https://idp.springer.com/authorize/casa?redirect_uri=https://link.springer.com/article/10.1007/s00436-012-2862-5&casa_token=Ys3992DCZCkAAAAA:8zsXpYBxa-5fk9onnIMwxIUXRiUEHHi_8F9D-TH4SXG-EBa0BTGxR1W_mPBeJt6D8WttJ6sjDkKzpdPyGw	Balvín, O., Munclinger, P., Kratochvíl, L., & Vilímová, J. (2012). Mitochondrial DNA and morphology show independent evolutionary histories of bedbug Cimex lectularius (Heteroptera: Cimicidae) on bats and humans. Parasitology Research, 111(1), 457-469.
515	ITIS:107058	Cimex lectularius							http://purl.obolibrary.org/obo/RO_0002444	parasite of		NCBI:txid9606	Homo sapiens								Vřesina, Ostrava-city district, family house, Vřesina, Ostrava-city district, family house, Czech Rep.	49.816667	18.116667	2009-04-17	10.1007/s00436-012-2862-5	https://idp.springer.com/authorize/casa?redirect_uri=https://link.springer.com/article/10.1007/s00436-012-2862-5&casa_token=Ys3992DCZCkAAAAA:8zsXpYBxa-5fk9onnIMwxIUXRiUEHHi_8F9D-TH4SXG-EBa0BTGxR1W_mPBeJt6D8WttJ6sjDkKzpdPyGw	Balvín, O., Munclinger, P., Kratochvíl, L., & Vilímová, J. (2012). Mitochondrial DNA and morphology show independent evolutionary histories of bedbug Cimex lectularius (Heteroptera: Cimicidae) on bats and humans. Parasitology Research, 111(1), 457-469.
516	ITIS:107058	Cimex lectularius							http://purl.obolibrary.org/obo/RO_0002444	parasite of		NCBI:txid9606	Homo sapiens								Bohumín, apt. building, Bohumín, apt. building, Czech Rep.	49.9	18.333333	2009-04-30	10.1007/s00436-012-2862-5	https://idp.springer.com/authorize/casa?redirect_uri=https://link.springer.com/article/10.1007/s00436-012-2862-5&casa_token=Ys3992DCZCkAAAAA:8zsXpYBxa-5fk9onnIMwxIUXRiUEHHi_8F9D-TH4SXG-EBa0BTGxR1W_mPBeJt6D8WttJ6sjDkKzpdPyGw	Balvín, O., Munclinger, P., Kratochvíl, L., & Vilímová, J. (2012). Mitochondrial DNA and morphology show independent evolutionary histories of bedbug Cimex lectularius (Heteroptera: Cimicidae) on bats and humans. Parasitology Research, 111(1), 457-469.
517	ITIS:107058	Cimex lectularius							http://purl.obolibrary.org/obo/RO_0002444	parasite of		NCBI:txid9606	Homo sapiens								Ostrava - Dubina, apt. building, Ostrava - Dubina, apt. building, Czech Rep.	49.783333	18.25	2009-05-05	10.1007/s00436-012-2862-5	https://idp.springer.com/authorize/casa?redirect_uri=https://link.springer.com/article/10.1007/s00436-012-2862-5&casa_token=Ys3992DCZCkAAAAA:8zsXpYBxa-5fk9onnIMwxIUXRiUEHHi_8F9D-TH4SXG-EBa0BTGxR1W_mPBeJt6D8WttJ6sjDkKzpdPyGw	Balvín, O., Munclinger, P., Kratochvíl, L., & Vilímová, J. (2012). Mitochondrial DNA and morphology show independent evolutionary histories of bedbug Cimex lectularius (Heteroptera: Cimicidae) on bats and humans. Parasitology Research, 111(1), 457-469.
518	ITIS:107058	Cimex lectularius							http://purl.obolibrary.org/obo/RO_0002444	parasite of		NCBI:txid9606	Homo sapiens								Havířov - Šumbark, apt. building, Havířov - Šumbark, apt. building, Czech Rep.	49.783333	18.4	2009-05-05	10.1007/s00436-012-2862-5	https://idp.springer.com/authorize/casa?redirect_uri=https://link.springer.com/article/10.1007/s00436-012-2862-5&casa_token=Ys3992DCZCkAAAAA:8zsXpYBxa-5fk9onnIMwxIUXRiUEHHi_8F9D-TH4SXG-EBa0BTGxR1W_mPBeJt6D8WttJ6sjDkKzpdPyGw	Balvín, O., Munclinger, P., Kratochvíl, L., & Vilímová, J. (2012). Mitochondrial DNA and morphology show independent evolutionary histories of bedbug Cimex lectularius (Heteroptera: Cimicidae) on bats and humans. Parasitology Research, 111(1), 457-469.
519	ITIS:107058	Cimex lectularius							http://purl.obolibrary.org/obo/RO_0002444	parasite of		NCBI:txid9606	Homo sapiens								Bohumín, family house, Bohumín, family house, Czech Rep.	49.9	18.333333	2009-05-13	10.1007/s00436-012-2862-5	https://idp.springer.com/authorize/casa?redirect_uri=https://link.springer.com/article/10.1007/s00436-012-2862-5&casa_token=Ys3992DCZCkAAAAA:8zsXpYBxa-5fk9onnIMwxIUXRiUEHHi_8F9D-TH4SXG-EBa0BTGxR1W_mPBeJt6D8WttJ6sjDkKzpdPyGw	Balvín, O., Munclinger, P., Kratochvíl, L., & Vilímová, J. (2012). Mitochondrial DNA and morphology show independent evolutionary histories of bedbug Cimex lectularius (Heteroptera: Cimicidae) on bats and humans. Parasitology Research, 111(1), 457-469.
520	ITIS:107058	Cimex lectularius							http://purl.obolibrary.org/obo/RO_0002444	parasite of		NCBI:txid9606	Homo sapiens								Ostrava - Poruba, apt. building, Ostrava - Poruba, apt. building, Czech Rep.	49.833333	18.166667	2009-05-27	10.1007/s00436-012-2862-5	https://idp.springer.com/authorize/casa?redirect_uri=https://link.springer.com/article/10.1007/s00436-012-2862-5&casa_token=Ys3992DCZCkAAAAA:8zsXpYBxa-5fk9onnIMwxIUXRiUEHHi_8F9D-TH4SXG-EBa0BTGxR1W_mPBeJt6D8WttJ6sjDkKzpdPyGw	Balvín, O., Munclinger, P., Kratochvíl, L., & Vilímová, J. (2012). Mitochondrial DNA and morphology show independent evolutionary histories of bedbug Cimex lectularius (Heteroptera: Cimicidae) on bats and humans. Parasitology Research, 111(1), 457-469.
521	ITIS:107058	Cimex lectularius							http://purl.obolibrary.org/obo/RO_0002444	parasite of		NCBI:txid9606	Homo sapiens								Ostrava - Poruba, apt. building, Ostrava - Poruba, apt. building, Czech Rep.	49.816667	18.15	2009-05-20	10.1007/s00436-012-2862-5	https://idp.springer.com/authorize/casa?redirect_uri=https://link.springer.com/article/10.1007/s00436-012-2862-5&casa_token=Ys3992DCZCkAAAAA:8zsXpYBxa-5fk9onnIMwxIUXRiUEHHi_8F9D-TH4SXG-EBa0BTGxR1W_mPBeJt6D8WttJ6sjDkKzpdPyGw	Balvín, O., Munclinger, P., Kratochvíl, L., & Vilímová, J. (2012). Mitochondrial DNA and morphology show independent evolutionary histories of bedbug Cimex lectularius (Heteroptera: Cimicidae) on bats and humans. Parasitology Research, 111(1), 457-469.
522	ITIS:107058	Cimex lectularius							http://purl.obolibrary.org/obo/RO_0002444	parasite of		NCBI:txid9606	Homo sapiens								Ostrava - Zábřeh, apt. building, Ostrava - Zábřeh, apt. building, Czech Rep.	49.8	18.233333	2009-08-06	10.1007/s00436-012-2862-5	https://idp.springer.com/authorize/casa?redirect_uri=https://link.springer.com/article/10.1007/s00436-012-2862-5&casa_token=Ys3992DCZCkAAAAA:8zsXpYBxa-5fk9onnIMwxIUXRiUEHHi_8F9D-TH4SXG-EBa0BTGxR1W_mPBeJt6D8WttJ6sjDkKzpdPyGw	Balvín, O., Munclinger, P., Kratochvíl, L., & Vilímová, J. (2012). Mitochondrial DNA and morphology show independent evolutionary histories of bedbug Cimex lectularius (Heteroptera: Cimicidae) on bats and humans. Parasitology Research, 111(1), 457-469.
523	ITIS:107058	Cimex lectularius							http://purl.obolibrary.org/obo/RO_0002444	parasite of		NCBI:txid9606	Homo sapiens								Bohumín, apt. building, Bohumín, apt. building, Czech Rep.	49.883333	18.35	2009-08-01	10.1007/s00436-012-2862-5	https://idp.springer.com/authorize/casa?redirect_uri=https://link.springer.com/article/10.1007/s00436-012-2862-5&casa_token=Ys3992DCZCkAAAAA:8zsXpYBxa-5fk9onnIMwxIUXRiUEHHi_8F9D-TH4SXG-EBa0BTGxR1W_mPBeJt6D8WttJ6sjDkKzpdPyGw	Balvín, O., Munclinger, P., Kratochvíl, L., & Vilímová, J. (2012). Mitochondrial DNA and morphology show independent evolutionary histories of bedbug Cimex lectularius (Heteroptera: Cimicidae) on bats and humans. Parasitology Research, 111(1), 457-469.
524	ITIS:107058	Cimex lectularius							http://purl.obolibrary.org/obo/RO_0002444	parasite of		NCBI:txid9606	Homo sapiens								Orlová, Karviná district, apt. building, Orlová, Karviná district, apt. building, Czech Rep.	49.85	18.416667	2009-12-01	10.1007/s00436-012-2862-5	https://idp.springer.com/authorize/casa?redirect_uri=https://link.springer.com/article/10.1007/s00436-012-2862-5&casa_token=Ys3992DCZCkAAAAA:8zsXpYBxa-5fk9onnIMwxIUXRiUEHHi_8F9D-TH4SXG-EBa0BTGxR1W_mPBeJt6D8WttJ6sjDkKzpdPyGw	Balvín, O., Munclinger, P., Kratochvíl, L., & Vilímová, J. (2012). Mitochondrial DNA and morphology show independent evolutionary histories of bedbug Cimex lectularius (Heteroptera: Cimicidae) on bats and humans. Parasitology Research, 111(1), 457-469.
525	ITIS:107058	Cimex lectularius							http://purl.obolibrary.org/obo/RO_0002444	parasite of		NCBI:txid9606	Homo sapiens								Ostrava - Fifejdy, apt. building, Ostrava - Fifejdy, apt. building, Czech Rep.	49.833333	18.25	2009-02-28	10.1007/s00436-012-2862-5	https://idp.springer.com/authorize/casa?redirect_uri=https://link.springer.com/article/10.1007/s00436-012-2862-5&casa_token=Ys3992DCZCkAAAAA:8zsXpYBxa-5fk9onnIMwxIUXRiUEHHi_8F9D-TH4SXG-EBa0BTGxR1W_mPBeJt6D8WttJ6sjDkKzpdPyGw	Balvín, O., Munclinger, P., Kratochvíl, L., & Vilímová, J. (2012). Mitochondrial DNA and morphology show independent evolutionary histories of bedbug Cimex lectularius (Heteroptera: Cimicidae) on bats and humans. Parasitology Research, 111(1), 457-469.
526	ITIS:107058	Cimex lectularius							http://purl.obolibrary.org/obo/RO_0002444	parasite of		NCBI:txid9606	Homo sapiens								Bohumín, apt. building, Bohumín, apt. building, Czech Rep.	49.883333	18.35	2009-05-02	10.1007/s00436-012-2862-5	https://idp.springer.com/authorize/casa?redirect_uri=https://link.springer.com/article/10.1007/s00436-012-2862-5&casa_token=Ys3992DCZCkAAAAA:8zsXpYBxa-5fk9onnIMwxIUXRiUEHHi_8F9D-TH4SXG-EBa0BTGxR1W_mPBeJt6D8WttJ6sjDkKzpdPyGw	Balvín, O., Munclinger, P., Kratochvíl, L., & Vilímová, J. (2012). Mitochondrial DNA and morphology show independent evolutionary histories of bedbug Cimex lectularius (Heteroptera: Cimicidae) on bats and humans. Parasitology Research, 111(1), 457-469.
527	ITIS:107058	Cimex lectularius							http://purl.obolibrary.org/obo/RO_0002444	parasite of		NCBI:txid9606	Homo sapiens								Karviná, apt. building, Karviná, apt. building, Czech Rep.	49.85	18.533333	2009-06-02	10.1007/s00436-012-2862-5	https://idp.springer.com/authorize/casa?redirect_uri=https://link.springer.com/article/10.1007/s00436-012-2862-5&casa_token=Ys3992DCZCkAAAAA:8zsXpYBxa-5fk9onnIMwxIUXRiUEHHi_8F9D-TH4SXG-EBa0BTGxR1W_mPBeJt6D8WttJ6sjDkKzpdPyGw	Balvín, O., Munclinger, P., Kratochvíl, L., & Vilímová, J. (2012). Mitochondrial DNA and morphology show independent evolutionary histories of bedbug Cimex lectularius (Heteroptera: Cimicidae) on bats and humans. Parasitology Research, 111(1), 457-469.
528	ITIS:107058	Cimex lectularius							http://purl.obolibrary.org/obo/RO_0002444	parasite of		NCBI:txid9606	Homo sapiens								Ostrava - Hrabůvka, apt. building, Ostrava - Hrabůvka, apt. building, Czech Rep.	49.783333	18.25	2009-09-02	10.1007/s00436-012-2862-5	https://idp.springer.com/authorize/casa?redirect_uri=https://link.springer.com/article/10.1007/s00436-012-2862-5&casa_token=Ys3992DCZCkAAAAA:8zsXpYBxa-5fk9onnIMwxIUXRiUEHHi_8F9D-TH4SXG-EBa0BTGxR1W_mPBeJt6D8WttJ6sjDkKzpdPyGw	Balvín, O., Munclinger, P., Kratochvíl, L., & Vilímová, J. (2012). Mitochondrial DNA and morphology show independent evolutionary histories of bedbug Cimex lectularius (Heteroptera: Cimicidae) on bats and humans. Parasitology Research, 111(1), 457-469.
529	ITIS:107058	Cimex lectularius							http://purl.obolibrary.org/obo/RO_0002444	parasite of		NCBI:txid9606	Homo sapiens								Bohumín, apt. building, Bohumín, apt. building, Czech Rep.	49.9	18.35	2009-02-13	10.1007/s00436-012-2862-5	https://idp.springer.com/authorize/casa?redirect_uri=https://link.springer.com/article/10.1007/s00436-012-2862-5&casa_token=Ys3992DCZCkAAAAA:8zsXpYBxa-5fk9onnIMwxIUXRiUEHHi_8F9D-TH4SXG-EBa0BTGxR1W_mPBeJt6D8WttJ6sjDkKzpdPyGw	Balvín, O., Munclinger, P., Kratochvíl, L., & Vilímová, J. (2012). Mitochondrial DNA and morphology show independent evolutionary histories of bedbug Cimex lectularius (Heteroptera: Cimicidae) on bats and humans. Parasitology Research, 111(1), 457-469.
530	ITIS:107058	Cimex lectularius							http://purl.obolibrary.org/obo/RO_0002444	parasite of		NCBI:txid9606	Homo sapiens								Havířov - Šumbark, apt. building, Havířov - Šumbark, apt. building, Czech Rep.	49.783333	18.4	2009-02-20	10.1007/s00436-012-2862-5	https://idp.springer.com/authorize/casa?redirect_uri=https://link.springer.com/article/10.1007/s00436-012-2862-5&casa_token=Ys3992DCZCkAAAAA:8zsXpYBxa-5fk9onnIMwxIUXRiUEHHi_8F9D-TH4SXG-EBa0BTGxR1W_mPBeJt6D8WttJ6sjDkKzpdPyGw	Balvín, O., Munclinger, P., Kratochvíl, L., & Vilímová, J. (2012). Mitochondrial DNA and morphology show independent evolutionary histories of bedbug Cimex lectularius (Heteroptera: Cimicidae) on bats and humans. Parasitology Research, 111(1), 457-469.
531	ITIS:107058	Cimex lectularius							http://purl.obolibrary.org/obo/RO_0002444	parasite of		NCBI:txid9606	Homo sapiens								Bohumín, apt. building, Bohumín, apt. building, Czech Rep.	49.9	18.35	2009-02-20	10.1007/s00436-012-2862-5	https://idp.springer.com/authorize/casa?redirect_uri=https://link.springer.com/article/10.1007/s00436-012-2862-5&casa_token=Ys3992DCZCkAAAAA:8zsXpYBxa-5fk9onnIMwxIUXRiUEHHi_8F9D-TH4SXG-EBa0BTGxR1W_mPBeJt6D8WttJ6sjDkKzpdPyGw	Balvín, O., Munclinger, P., Kratochvíl, L., & Vilímová, J. (2012). Mitochondrial DNA and morphology show independent evolutionary histories of bedbug Cimex lectularius (Heteroptera: Cimicidae) on bats and humans. Parasitology Research, 111(1), 457-469.
601	ITIS:107058	Cimex lectularius							http://purl.obolibrary.org/obo/RO_0002444	parasite of		NCBI:txid9606	Homo sapiens								Višňové, Znojmo district, school, Višňové, Znojmo district, school, Czech Rep.	48.966667	16.15	2009-01-07	10.1007/s00436-012-2862-5	https://idp.springer.com/authorize/casa?redirect_uri=https://link.springer.com/article/10.1007/s00436-012-2862-5&casa_token=Ys3992DCZCkAAAAA:8zsXpYBxa-5fk9onnIMwxIUXRiUEHHi_8F9D-TH4SXG-EBa0BTGxR1W_mPBeJt6D8WttJ6sjDkKzpdPyGw	Balvín, O., Munclinger, P., Kratochvíl, L., & Vilímová, J. (2012). Mitochondrial DNA and morphology show independent evolutionary histories of bedbug Cimex lectularius (Heteroptera: Cimicidae) on bats and humans. Parasitology Research, 111(1), 457-469.
602	ITIS:107058	Cimex lectularius							http://purl.obolibrary.org/obo/RO_0002444	parasite of		NCBI:txid9606	Homo sapiens								Novo město, Kandija, family house, Novo město, Kandija, family house, Slovenia	45.766667	15.266667	2009-05-26	10.1007/s00436-012-2862-5	https://idp.springer.com/authorize/casa?redirect_uri=https://link.springer.com/article/10.1007/s00436-012-2862-5&casa_token=Ys3992DCZCkAAAAA:8zsXpYBxa-5fk9onnIMwxIUXRiUEHHi_8F9D-TH4SXG-EBa0BTGxR1W_mPBeJt6D8WttJ6sjDkKzpdPyGw	Balvín, O., Munclinger, P., Kratochvíl, L., & Vilímová, J. (2012). Mitochondrial DNA and morphology show independent evolutionary histories of bedbug Cimex lectularius (Heteroptera: Cimicidae) on bats and humans. Parasitology Research, 111(1), 457-469.
603	ITIS:107058	Cimex lectularius							http://purl.obolibrary.org/obo/RO_0002444	parasite of		NCBI:txid9606	Homo sapiens								Prague - Kyje, apt. building, Prague - Kyje, apt. building, Czech Rep.	50.1	14.533333	2009-10-11	10.1007/s00436-012-2862-5	https://idp.springer.com/authorize/casa?redirect_uri=https://link.springer.com/article/10.1007/s00436-012-2862-5&casa_token=Ys3992DCZCkAAAAA:8zsXpYBxa-5fk9onnIMwxIUXRiUEHHi_8F9D-TH4SXG-EBa0BTGxR1W_mPBeJt6D8WttJ6sjDkKzpdPyGw	Balvín, O., Munclinger, P., Kratochvíl, L., & Vilímová, J. (2012). Mitochondrial DNA and morphology show independent evolutionary histories of bedbug Cimex lectularius (Heteroptera: Cimicidae) on bats and humans. Parasitology Research, 111(1), 457-469.
605	ITIS:107058	Cimex lectularius							http://purl.obolibrary.org/obo/RO_0002444	parasite of		NCBI:txid9606	Homo sapiens								Prague - Libeň, apt. building, Prague - Libeň, apt. building, Czech Rep.	50.1	14.466667	2009-12-15	10.1007/s00436-012-2862-5	https://idp.springer.com/authorize/casa?redirect_uri=https://link.springer.com/article/10.1007/s00436-012-2862-5&casa_token=Ys3992DCZCkAAAAA:8zsXpYBxa-5fk9onnIMwxIUXRiUEHHi_8F9D-TH4SXG-EBa0BTGxR1W_mPBeJt6D8WttJ6sjDkKzpdPyGw	Balvín, O., Munclinger, P., Kratochvíl, L., & Vilímová, J. (2012). Mitochondrial DNA and morphology show independent evolutionary histories of bedbug Cimex lectularius (Heteroptera: Cimicidae) on bats and humans. Parasitology Research, 111(1), 457-469.
3	ITIS:107058	Cimex lectularius							http://purl.obolibrary.org/obo/RO_0002444	parasite of		NCBI:txid9606	Homo sapiens								Hnanice, Znojmo district, hunting stand, Hnanice, Znojmo district, hunting stand, Czech Rep.	48.8	15.966667	1998-01-06	10.1007/s00436-012-2862-5	https://idp.springer.com/authorize/casa?redirect_uri=https://link.springer.com/article/10.1007/s00436-012-2862-5&casa_token=Ys3992DCZCkAAAAA:8zsXpYBxa-5fk9onnIMwxIUXRiUEHHi_8F9D-TH4SXG-EBa0BTGxR1W_mPBeJt6D8WttJ6sjDkKzpdPyGw	Balvín, O., Munclinger, P., Kratochvíl, L., & Vilímová, J. (2012). Mitochondrial DNA and morphology show independent evolutionary histories of bedbug Cimex lectularius (Heteroptera: Cimicidae) on bats and humans. Parasitology Research, 111(1), 457-469.
411	ITIS:107058	Cimex lectularius							http://purl.obolibrary.org/obo/RO_0002444	parasite of		NCBI:txid109482	Myotis blythii								Martonyi, Borsod-Abaúj-Zemplén County, church, Martonyi, Borsod-Abaúj-Zemplén County, church, Hungary	48.466667	20.766667	2009-09-07	10.1007/s00436-012-2862-5	https://idp.springer.com/authorize/casa?redirect_uri=https://link.springer.com/article/10.1007/s00436-012-2862-5&casa_token=Ys3992DCZCkAAAAA:8zsXpYBxa-5fk9onnIMwxIUXRiUEHHi_8F9D-TH4SXG-EBa0BTGxR1W_mPBeJt6D8WttJ6sjDkKzpdPyGw	Balvín, O., Munclinger, P., Kratochvíl, L., & Vilímová, J. (2012). Mitochondrial DNA and morphology show independent evolutionary histories of bedbug Cimex lectularius (Heteroptera: Cimicidae) on bats and humans. Parasitology Research, 111(1), 457-469.
	ITIS:107058	Cimex lectularius							http://purl.obolibrary.org/obo/RO_0002444	parasite of		NCBI:txid98922	Myotis daubentonii														Bogdanowitz W (1994) Myotis daubentonii. Mammal Species 475:1–9
	ITIS:107058	Cimex lectularius							http://purl.obolibrary.org/obo/RO_0002444	parasite of		NCBI:txid98922	Myotis daubentonii														Wagner E (1967) Wanzen oder Heteropteren II. Cimicomorpha, vol 55. Die Tierwelt Deutschlands und der angrenzenden Meeresteile. Gustav Fischer, Jena
409	ITIS:107058	Cimex lectularius							http://purl.obolibrary.org/obo/RO_0002444	parasite of		NCBI:txid109480	Myotis emarginatus								Ragály, Borsod-Abaúj-Zemplén County, chapel, Ragály, Borsod-Abaúj-Zemplén County, chapel, Hungary	48.4	20.516667	2009-09-07	10.1007/s00436-012-2862-5	https://idp.springer.com/authorize/casa?redirect_uri=https://link.springer.com/article/10.1007/s00436-012-2862-5&casa_token=Ys3992DCZCkAAAAA:8zsXpYBxa-5fk9onnIMwxIUXRiUEHHi_8F9D-TH4SXG-EBa0BTGxR1W_mPBeJt6D8WttJ6sjDkKzpdPyGw	Balvín, O., Munclinger, P., Kratochvíl, L., & Vilímová, J. (2012). Mitochondrial DNA and morphology show independent evolutionary histories of bedbug Cimex lectularius (Heteroptera: Cimicidae) on bats and humans. Parasitology Research, 111(1), 457-469.
58	ITIS:107058	Cimex lectularius							http://purl.obolibrary.org/obo/RO_0002444	parasite of		NCBI:txid109480	Myotis emarginatus								Doubravník, Brno - country district, paper mill, Doubravník, Brno - country district, paper mill, Czech Rep.	49.4	16.366667	2006-07-25	10.1007/s00436-012-2862-5	https://idp.springer.com/authorize/casa?redirect_uri=https://link.springer.com/article/10.1007/s00436-012-2862-5&casa_token=Ys3992DCZCkAAAAA:8zsXpYBxa-5fk9onnIMwxIUXRiUEHHi_8F9D-TH4SXG-EBa0BTGxR1W_mPBeJt6D8WttJ6sjDkKzpdPyGw	Balvín, O., Munclinger, P., Kratochvíl, L., & Vilímová, J. (2012). Mitochondrial DNA and morphology show independent evolutionary histories of bedbug Cimex lectularius (Heteroptera: Cimicidae) on bats and humans. Parasitology Research, 111(1), 457-469.
38	ITIS:107058	Cimex lectularius							http://purl.obolibrary.org/obo/RO_0002444	parasite of		NCBI:txid109480	Myotis emarginatus								Brandýs nad Orlicí, attic of apt. building, Brandýs nad Orlicí, attic of apt. building, Czech Rep.	50	16.266667	2006-06-21	10.1007/s00436-012-2862-5	https://idp.springer.com/authorize/casa?redirect_uri=https://link.springer.com/article/10.1007/s00436-012-2862-5&casa_token=Ys3992DCZCkAAAAA:8zsXpYBxa-5fk9onnIMwxIUXRiUEHHi_8F9D-TH4SXG-EBa0BTGxR1W_mPBeJt6D8WttJ6sjDkKzpdPyGw	Balvín, O., Munclinger, P., Kratochvíl, L., & Vilímová, J. (2012). Mitochondrial DNA and morphology show independent evolutionary histories of bedbug Cimex lectularius (Heteroptera: Cimicidae) on bats and humans. Parasitology Research, 111(1), 457-469.
408	ITIS:107058	Cimex lectularius							http://purl.obolibrary.org/obo/RO_0002444	parasite of		NCBI:txid109480	Myotis emarginatus								Trizs, Borsod-Abaúj-Zemplén County, church, Trizs, Borsod-Abaúj-Zemplén County, church, Hungary	48.416667	20.483333	2009-08-07	10.1007/s00436-012-2862-5	https://idp.springer.com/authorize/casa?redirect_uri=https://link.springer.com/article/10.1007/s00436-012-2862-5&casa_token=Ys3992DCZCkAAAAA:8zsXpYBxa-5fk9onnIMwxIUXRiUEHHi_8F9D-TH4SXG-EBa0BTGxR1W_mPBeJt6D8WttJ6sjDkKzpdPyGw	Balvín, O., Munclinger, P., Kratochvíl, L., & Vilímová, J. (2012). Mitochondrial DNA and morphology show independent evolutionary histories of bedbug Cimex lectularius (Heteroptera: Cimicidae) on bats and humans. Parasitology Research, 111(1), 457-469.
132	ITIS:107058	Cimex lectularius							http://purl.obolibrary.org/obo/RO_0002444	parasite of		NCBI:txid109480	Myotis emarginatus								Vršac, church, Vršac, church, Serbia	45.116667	21.3	2006-07-13	10.1007/s00436-012-2862-5	https://idp.springer.com/authorize/casa?redirect_uri=https://link.springer.com/article/10.1007/s00436-012-2862-5&casa_token=Ys3992DCZCkAAAAA:8zsXpYBxa-5fk9onnIMwxIUXRiUEHHi_8F9D-TH4SXG-EBa0BTGxR1W_mPBeJt6D8WttJ6sjDkKzpdPyGw	Balvín, O., Munclinger, P., Kratochvíl, L., & Vilímová, J. (2012). Mitochondrial DNA and morphology show independent evolutionary histories of bedbug Cimex lectularius (Heteroptera: Cimicidae) on bats and humans. Parasitology Research, 111(1), 457-469.
133	ITIS:107058	Cimex lectularius							http://purl.obolibrary.org/obo/RO_0002444	parasite of		NCBI:txid109480	Myotis emarginatus								Deliblatská Peščara, Rošiana, church, Deliblatská Peščara, Rošiana, church, Serbia	44.85	21.066667	2006-01-05	10.1007/s00436-012-2862-5	https://idp.springer.com/authorize/casa?redirect_uri=https://link.springer.com/article/10.1007/s00436-012-2862-5&casa_token=Ys3992DCZCkAAAAA:8zsXpYBxa-5fk9onnIMwxIUXRiUEHHi_8F9D-TH4SXG-EBa0BTGxR1W_mPBeJt6D8WttJ6sjDkKzpdPyGw	Balvín, O., Munclinger, P., Kratochvíl, L., & Vilímová, J. (2012). Mitochondrial DNA and morphology show independent evolutionary histories of bedbug Cimex lectularius (Heteroptera: Cimicidae) on bats and humans. Parasitology Research, 111(1), 457-469.
86	ITIS:107058	Cimex lectularius							http://purl.obolibrary.org/obo/RO_0002444	parasite of		NCBI:txid51298	Myotis myotis								St. Ursanne, Jura region, church, St. Ursanne, Jura region, church, Switzerland	47.35	7.15	1905-06-28	10.1007/s00436-012-2862-5	https://idp.springer.com/authorize/casa?redirect_uri=https://link.springer.com/article/10.1007/s00436-012-2862-5&casa_token=Ys3992DCZCkAAAAA:8zsXpYBxa-5fk9onnIMwxIUXRiUEHHi_8F9D-TH4SXG-EBa0BTGxR1W_mPBeJt6D8WttJ6sjDkKzpdPyGw	Balvín, O., Munclinger, P., Kratochvíl, L., & Vilímová, J. (2012). Mitochondrial DNA and morphology show independent evolutionary histories of bedbug Cimex lectularius (Heteroptera: Cimicidae) on bats and humans. Parasitology Research, 111(1), 457-469.
117	ITIS:107058	Cimex lectularius							http://purl.obolibrary.org/obo/RO_0002444	parasite of		NCBI:txid51298	Myotis myotis								Gültstein, Herrenberg, Baden-Württemberg, church, Gültstein, Herrenberg, Baden-Württemberg, church, Germany	48.566667	8.75	2007-09-05	10.1007/s00436-012-2862-5	https://idp.springer.com/authorize/casa?redirect_uri=https://link.springer.com/article/10.1007/s00436-012-2862-5&casa_token=Ys3992DCZCkAAAAA:8zsXpYBxa-5fk9onnIMwxIUXRiUEHHi_8F9D-TH4SXG-EBa0BTGxR1W_mPBeJt6D8WttJ6sjDkKzpdPyGw	Balvín, O., Munclinger, P., Kratochvíl, L., & Vilímová, J. (2012). Mitochondrial DNA and morphology show independent evolutionary histories of bedbug Cimex lectularius (Heteroptera: Cimicidae) on bats and humans. Parasitology Research, 111(1), 457-469.
118	ITIS:107058	Cimex lectularius							http://purl.obolibrary.org/obo/RO_0002444	parasite of		NCBI:txid51298	Myotis myotis								Entringen, near Tübingen, Baden-Württemberg, church, Entringen, near Tübingen, Baden-Württemberg, church, Germany	48.55	8.966667	2007-08-05	10.1007/s00436-012-2862-5	https://idp.springer.com/authorize/casa?redirect_uri=https://link.springer.com/article/10.1007/s00436-012-2862-5&casa_token=Ys3992DCZCkAAAAA:8zsXpYBxa-5fk9onnIMwxIUXRiUEHHi_8F9D-TH4SXG-EBa0BTGxR1W_mPBeJt6D8WttJ6sjDkKzpdPyGw	Balvín, O., Munclinger, P., Kratochvíl, L., & Vilímová, J. (2012). Mitochondrial DNA and morphology show independent evolutionary histories of bedbug Cimex lectularius (Heteroptera: Cimicidae) on bats and humans. Parasitology Research, 111(1), 457-469.
131	ITIS:107058	Cimex lectularius							http://purl.obolibrary.org/obo/RO_0002444	parasite of		NCBI:txid51298	Myotis myotis								Harmuthsachsen, near Waldkappel, Hessen, Harmuthsachsen, near Waldkappel, Hessen, Germany	51.15	9.85	2007-12-06	10.1007/s00436-012-2862-5	https://idp.springer.com/authorize/casa?redirect_uri=https://link.springer.com/article/10.1007/s00436-012-2862-5&casa_token=Ys3992DCZCkAAAAA:8zsXpYBxa-5fk9onnIMwxIUXRiUEHHi_8F9D-TH4SXG-EBa0BTGxR1W_mPBeJt6D8WttJ6sjDkKzpdPyGw	Balvín, O., Munclinger, P., Kratochvíl, L., & Vilímová, J. (2012). Mitochondrial DNA and morphology show independent evolutionary histories of bedbug Cimex lectularius (Heteroptera: Cimicidae) on bats and humans. Parasitology Research, 111(1), 457-469.
403	ITIS:107058	Cimex lectularius							http://purl.obolibrary.org/obo/RO_0002444	parasite of		NCBI:txid51298	Myotis myotis								Bílá Lhota, Olomouc district, church, Bílá Lhota, Olomouc district, church, Czech Rep.	49.7	16.966667	2008-07-22	10.1007/s00436-012-2862-5	https://idp.springer.com/authorize/casa?redirect_uri=https://link.springer.com/article/10.1007/s00436-012-2862-5&casa_token=Ys3992DCZCkAAAAA:8zsXpYBxa-5fk9onnIMwxIUXRiUEHHi_8F9D-TH4SXG-EBa0BTGxR1W_mPBeJt6D8WttJ6sjDkKzpdPyGw	Balvín, O., Munclinger, P., Kratochvíl, L., & Vilímová, J. (2012). Mitochondrial DNA and morphology show independent evolutionary histories of bedbug Cimex lectularius (Heteroptera: Cimicidae) on bats and humans. Parasitology Research, 111(1), 457-469.
407	ITIS:107058	Cimex lectularius							http://purl.obolibrary.org/obo/RO_0002444	parasite of		NCBI:txid51298	Myotis myotis								Doksy, Kladno district, castle, Doksy, Kladno district, castle, Czech Rep.	50.55	14.65	2009-11-06	10.1007/s00436-012-2862-5	https://idp.springer.com/authorize/casa?redirect_uri=https://link.springer.com/article/10.1007/s00436-012-2862-5&casa_token=Ys3992DCZCkAAAAA:8zsXpYBxa-5fk9onnIMwxIUXRiUEHHi_8F9D-TH4SXG-EBa0BTGxR1W_mPBeJt6D8WttJ6sjDkKzpdPyGw	Balvín, O., Munclinger, P., Kratochvíl, L., & Vilímová, J. (2012). Mitochondrial DNA and morphology show independent evolutionary histories of bedbug Cimex lectularius (Heteroptera: Cimicidae) on bats and humans. Parasitology Research, 111(1), 457-469.
24	ITIS:107058	Cimex lectularius							http://purl.obolibrary.org/obo/RO_0002444	parasite of		NCBI:txid51298	Myotis myotis								Držovice, Litoměřice district, attic of apt. building, Držovice, Litoměřice district, attic of apt. building, Czech Rep.	50.6	14.316667	2005-10-09	10.1007/s00436-012-2862-5	https://idp.springer.com/authorize/casa?redirect_uri=https://link.springer.com/article/10.1007/s00436-012-2862-5&casa_token=Ys3992DCZCkAAAAA:8zsXpYBxa-5fk9onnIMwxIUXRiUEHHi_8F9D-TH4SXG-EBa0BTGxR1W_mPBeJt6D8WttJ6sjDkKzpdPyGw	Balvín, O., Munclinger, P., Kratochvíl, L., & Vilímová, J. (2012). Mitochondrial DNA and morphology show independent evolutionary histories of bedbug Cimex lectularius (Heteroptera: Cimicidae) on bats and humans. Parasitology Research, 111(1), 457-469.
406	ITIS:107058	Cimex lectularius							http://purl.obolibrary.org/obo/RO_0002444	parasite of		NCBI:txid51298	Myotis myotis								Dubá, Česká Lípa district, attic of apt. building, Dubá, Česká Lípa district, attic of apt. building, Czech Rep.	50.533333	14.533333	2009-11-06	10.1007/s00436-012-2862-5	https://idp.springer.com/authorize/casa?redirect_uri=https://link.springer.com/article/10.1007/s00436-012-2862-5&casa_token=Ys3992DCZCkAAAAA:8zsXpYBxa-5fk9onnIMwxIUXRiUEHHi_8F9D-TH4SXG-EBa0BTGxR1W_mPBeJt6D8WttJ6sjDkKzpdPyGw	Balvín, O., Munclinger, P., Kratochvíl, L., & Vilímová, J. (2012). Mitochondrial DNA and morphology show independent evolutionary histories of bedbug Cimex lectularius (Heteroptera: Cimicidae) on bats and humans. Parasitology Research, 111(1), 457-469.
40	ITIS:107058	Cimex lectularius							http://purl.obolibrary.org/obo/RO_0002444	parasite of		NCBI:txid51298	Myotis myotis								Nové Hrady, Ústí nad Orlicí district, castle, Nové Hrady, Ústí nad Orlicí district, castle, Czech Rep.	49.85	16.133333	2006-06-21	10.1007/s00436-012-2862-5	https://idp.springer.com/authorize/casa?redirect_uri=https://link.springer.com/article/10.1007/s00436-012-2862-5&casa_token=Ys3992DCZCkAAAAA:8zsXpYBxa-5fk9onnIMwxIUXRiUEHHi_8F9D-TH4SXG-EBa0BTGxR1W_mPBeJt6D8WttJ6sjDkKzpdPyGw	Balvín, O., Munclinger, P., Kratochvíl, L., & Vilímová, J. (2012). Mitochondrial DNA and morphology show independent evolutionary histories of bedbug Cimex lectularius (Heteroptera: Cimicidae) on bats and humans. Parasitology Research, 111(1), 457-469.
401	ITIS:107058	Cimex lectularius							http://purl.obolibrary.org/obo/RO_0002444	parasite of		NCBI:txid51298	Myotis myotis								Veselíčko, Přerov district, castle, Veselíčko, Přerov district, castle, Czech Rep.	49.516667	17.5	2009-01-07	10.1007/s00436-012-2862-5	https://idp.springer.com/authorize/casa?redirect_uri=https://link.springer.com/article/10.1007/s00436-012-2862-5&casa_token=Ys3992DCZCkAAAAA:8zsXpYBxa-5fk9onnIMwxIUXRiUEHHi_8F9D-TH4SXG-EBa0BTGxR1W_mPBeJt6D8WttJ6sjDkKzpdPyGw	Balvín, O., Munclinger, P., Kratochvíl, L., & Vilímová, J. (2012). Mitochondrial DNA and morphology show independent evolutionary histories of bedbug Cimex lectularius (Heteroptera: Cimicidae) on bats and humans. Parasitology Research, 111(1), 457-469.
47	ITIS:107058	Cimex lectularius							http://purl.obolibrary.org/obo/RO_0002444	parasite of		NCBI:txid51298	Myotis myotis								Otaslavice, Prostějov district, church, Otaslavice, Prostějov district, church, Czech Rep.	49.383333	17.066667	2006-06-28	10.1007/s00436-012-2862-5	https://idp.springer.com/authorize/casa?redirect_uri=https://link.springer.com/article/10.1007/s00436-012-2862-5&casa_token=Ys3992DCZCkAAAAA:8zsXpYBxa-5fk9onnIMwxIUXRiUEHHi_8F9D-TH4SXG-EBa0BTGxR1W_mPBeJt6D8WttJ6sjDkKzpdPyGw	Balvín, O., Munclinger, P., Kratochvíl, L., & Vilímová, J. (2012). Mitochondrial DNA and morphology show independent evolutionary histories of bedbug Cimex lectularius (Heteroptera: Cimicidae) on bats and humans. Parasitology Research, 111(1), 457-469.
404	ITIS:107058	Cimex lectularius							http://purl.obolibrary.org/obo/RO_0002444	parasite of		NCBI:txid51298	Myotis myotis								Snědovice, Litoměřice district, attic of apt. building (#9), Snědovice, Litoměřice district, attic of apt. building (#9), Czech Rep.	50.5	14.383333	2008-08-08	10.1007/s00436-012-2862-5	https://idp.springer.com/authorize/casa?redirect_uri=https://link.springer.com/article/10.1007/s00436-012-2862-5&casa_token=Ys3992DCZCkAAAAA:8zsXpYBxa-5fk9onnIMwxIUXRiUEHHi_8F9D-TH4SXG-EBa0BTGxR1W_mPBeJt6D8WttJ6sjDkKzpdPyGw	Balvín, O., Munclinger, P., Kratochvíl, L., & Vilímová, J. (2012). Mitochondrial DNA and morphology show independent evolutionary histories of bedbug Cimex lectularius (Heteroptera: Cimicidae) on bats and humans. Parasitology Research, 111(1), 457-469.
46	ITIS:107058	Cimex lectularius							http://purl.obolibrary.org/obo/RO_0002444	parasite of		NCBI:txid51298	Myotis myotis								Lysice, Blansko district, church, Lysice, Blansko district, church, Czech Rep.	49.45	16.533333	2006-06-28	10.1007/s00436-012-2862-5	https://idp.springer.com/authorize/casa?redirect_uri=https://link.springer.com/article/10.1007/s00436-012-2862-5&casa_token=Ys3992DCZCkAAAAA:8zsXpYBxa-5fk9onnIMwxIUXRiUEHHi_8F9D-TH4SXG-EBa0BTGxR1W_mPBeJt6D8WttJ6sjDkKzpdPyGw	Balvín, O., Munclinger, P., Kratochvíl, L., & Vilímová, J. (2012). Mitochondrial DNA and morphology show independent evolutionary histories of bedbug Cimex lectularius (Heteroptera: Cimicidae) on bats and humans. Parasitology Research, 111(1), 457-469.
50	ITIS:107058	Cimex lectularius							http://purl.obolibrary.org/obo/RO_0002444	parasite of		NCBI:txid51298	Myotis myotis								Pozořice, Brno - country district, church, Pozořice, Brno - country district, church, Czech Rep.	49.2	16.783333	2006-06-27	10.1007/s00436-012-2862-5	https://idp.springer.com/authorize/casa?redirect_uri=https://link.springer.com/article/10.1007/s00436-012-2862-5&casa_token=Ys3992DCZCkAAAAA:8zsXpYBxa-5fk9onnIMwxIUXRiUEHHi_8F9D-TH4SXG-EBa0BTGxR1W_mPBeJt6D8WttJ6sjDkKzpdPyGw	Balvín, O., Munclinger, P., Kratochvíl, L., & Vilímová, J. (2012). Mitochondrial DNA and morphology show independent evolutionary histories of bedbug Cimex lectularius (Heteroptera: Cimicidae) on bats and humans. Parasitology Research, 111(1), 457-469.
6	ITIS:107058	Cimex lectularius							http://purl.obolibrary.org/obo/RO_0002444	parasite of		NCBI:txid51298	Myotis myotis								Moravský Krumlov, church, Moravský Krumlov, church, Czech Rep.	49.05	16.316667	1998-07-16	10.1007/s00436-012-2862-5	https://idp.springer.com/authorize/casa?redirect_uri=https://link.springer.com/article/10.1007/s00436-012-2862-5&casa_token=Ys3992DCZCkAAAAA:8zsXpYBxa-5fk9onnIMwxIUXRiUEHHi_8F9D-TH4SXG-EBa0BTGxR1W_mPBeJt6D8WttJ6sjDkKzpdPyGw	Balvín, O., Munclinger, P., Kratochvíl, L., & Vilímová, J. (2012). Mitochondrial DNA and morphology show independent evolutionary histories of bedbug Cimex lectularius (Heteroptera: Cimicidae) on bats and humans. Parasitology Research, 111(1), 457-469.
45	ITIS:107058	Cimex lectularius							http://purl.obolibrary.org/obo/RO_0002444	parasite of		NCBI:txid51298	Myotis myotis								Bohuslavice, Prostějov district, church, Bohuslavice, Prostějov district, church, Czech Rep.	49.616667	16.95	2006-06-28	10.1007/s00436-012-2862-5	https://idp.springer.com/authorize/casa?redirect_uri=https://link.springer.com/article/10.1007/s00436-012-2862-5&casa_token=Ys3992DCZCkAAAAA:8zsXpYBxa-5fk9onnIMwxIUXRiUEHHi_8F9D-TH4SXG-EBa0BTGxR1W_mPBeJt6D8WttJ6sjDkKzpdPyGw	Balvín, O., Munclinger, P., Kratochvíl, L., & Vilímová, J. (2012). Mitochondrial DNA and morphology show independent evolutionary histories of bedbug Cimex lectularius (Heteroptera: Cimicidae) on bats and humans. Parasitology Research, 111(1), 457-469.
405	ITIS:107058	Cimex lectularius							http://purl.obolibrary.org/obo/RO_0002444	parasite of		NCBI:txid51298	Myotis myotis								Ohníč, Teplice district, attic of apt. building, Ohníč, Teplice district, attic of apt. building, Czech Rep.	50.583333	13.833333	2008-07-14	10.1007/s00436-012-2862-5	https://idp.springer.com/authorize/casa?redirect_uri=https://link.springer.com/article/10.1007/s00436-012-2862-5&casa_token=Ys3992DCZCkAAAAA:8zsXpYBxa-5fk9onnIMwxIUXRiUEHHi_8F9D-TH4SXG-EBa0BTGxR1W_mPBeJt6D8WttJ6sjDkKzpdPyGw	Balvín, O., Munclinger, P., Kratochvíl, L., & Vilímová, J. (2012). Mitochondrial DNA and morphology show independent evolutionary histories of bedbug Cimex lectularius (Heteroptera: Cimicidae) on bats and humans. Parasitology Research, 111(1), 457-469.
74	ITIS:107058	Cimex lectularius							http://purl.obolibrary.org/obo/RO_0002444	parasite of		NCBI:txid51298	Myotis myotis								Hanušovice, Šumperk district, church, Hanušovice, Šumperk district, church, Czech Rep.	50.083333	16.933333	2007-02-12	10.1007/s00436-012-2862-5	https://idp.springer.com/authorize/casa?redirect_uri=https://link.springer.com/article/10.1007/s00436-012-2862-5&casa_token=Ys3992DCZCkAAAAA:8zsXpYBxa-5fk9onnIMwxIUXRiUEHHi_8F9D-TH4SXG-EBa0BTGxR1W_mPBeJt6D8WttJ6sjDkKzpdPyGw	Balvín, O., Munclinger, P., Kratochvíl, L., & Vilímová, J. (2012). Mitochondrial DNA and morphology show independent evolutionary histories of bedbug Cimex lectularius (Heteroptera: Cimicidae) on bats and humans. Parasitology Research, 111(1), 457-469.
42	ITIS:107058	Cimex lectularius							http://purl.obolibrary.org/obo/RO_0002444	parasite of		NCBI:txid51298	Myotis myotis								Kerhartice, Ústí nad Orlicí district, attic of school, Kerhartice, Ústí nad Orlicí district, attic of school, Czech Rep.	49.966667	16.366667	2007-06-14	10.1007/s00436-012-2862-5	https://idp.springer.com/authorize/casa?redirect_uri=https://link.springer.com/article/10.1007/s00436-012-2862-5&casa_token=Ys3992DCZCkAAAAA:8zsXpYBxa-5fk9onnIMwxIUXRiUEHHi_8F9D-TH4SXG-EBa0BTGxR1W_mPBeJt6D8WttJ6sjDkKzpdPyGw	Balvín, O., Munclinger, P., Kratochvíl, L., & Vilímová, J. (2012). Mitochondrial DNA and morphology show independent evolutionary histories of bedbug Cimex lectularius (Heteroptera: Cimicidae) on bats and humans. Parasitology Research, 111(1), 457-469.
105	ITIS:107058	Cimex lectularius							http://purl.obolibrary.org/obo/RO_0002444	parasite of		NCBI:txid51298	Myotis myotis								Sruby, Ústí nad Orlicí district, church, Sruby, Ústí nad Orlicí district, church, Czech Rep.	50	16.166667	2007-06-19	10.1007/s00436-012-2862-5	https://idp.springer.com/authorize/casa?redirect_uri=https://link.springer.com/article/10.1007/s00436-012-2862-5&casa_token=Ys3992DCZCkAAAAA:8zsXpYBxa-5fk9onnIMwxIUXRiUEHHi_8F9D-TH4SXG-EBa0BTGxR1W_mPBeJt6D8WttJ6sjDkKzpdPyGw	Balvín, O., Munclinger, P., Kratochvíl, L., & Vilímová, J. (2012). Mitochondrial DNA and morphology show independent evolutionary histories of bedbug Cimex lectularius (Heteroptera: Cimicidae) on bats and humans. Parasitology Research, 111(1), 457-469.
39	ITIS:107058	Cimex lectularius							http://purl.obolibrary.org/obo/RO_0002444	parasite of		NCBI:txid51298	Myotis myotis								Brandýs nad Orlicí, church, Brandýs nad Orlicí, church, Czech Rep.	50	16.283333	2006-06-21	10.1007/s00436-012-2862-5	https://idp.springer.com/authorize/casa?redirect_uri=https://link.springer.com/article/10.1007/s00436-012-2862-5&casa_token=Ys3992DCZCkAAAAA:8zsXpYBxa-5fk9onnIMwxIUXRiUEHHi_8F9D-TH4SXG-EBa0BTGxR1W_mPBeJt6D8WttJ6sjDkKzpdPyGw	Balvín, O., Munclinger, P., Kratochvíl, L., & Vilímová, J. (2012). Mitochondrial DNA and morphology show independent evolutionary histories of bedbug Cimex lectularius (Heteroptera: Cimicidae) on bats and humans. Parasitology Research, 111(1), 457-469.
51	ITIS:107058	Cimex lectularius							http://purl.obolibrary.org/obo/RO_0002444	parasite of		NCBI:txid51298	Myotis myotis								Bučovice, Vyškov district, castle, Bučovice, Vyškov district, castle, Czech Rep.	49.133333	17	2006-06-27	10.1007/s00436-012-2862-5	https://idp.springer.com/authorize/casa?redirect_uri=https://link.springer.com/article/10.1007/s00436-012-2862-5&casa_token=Ys3992DCZCkAAAAA:8zsXpYBxa-5fk9onnIMwxIUXRiUEHHi_8F9D-TH4SXG-EBa0BTGxR1W_mPBeJt6D8WttJ6sjDkKzpdPyGw	Balvín, O., Munclinger, P., Kratochvíl, L., & Vilímová, J. (2012). Mitochondrial DNA and morphology show independent evolutionary histories of bedbug Cimex lectularius (Heteroptera: Cimicidae) on bats and humans. Parasitology Research, 111(1), 457-469.
22	ITIS:107058	Cimex lectularius							http://purl.obolibrary.org/obo/RO_0002444	parasite of		NCBI:txid51298	Myotis myotis								Snědovice, Litoměřice district, attic of apt. building (#91), Snědovice, Litoměřice district, attic of apt. building (#91), Czech Rep.	50.5	14.383333	2005-12-07	10.1007/s00436-012-2862-5	https://idp.springer.com/authorize/casa?redirect_uri=https://link.springer.com/article/10.1007/s00436-012-2862-5&casa_token=Ys3992DCZCkAAAAA:8zsXpYBxa-5fk9onnIMwxIUXRiUEHHi_8F9D-TH4SXG-EBa0BTGxR1W_mPBeJt6D8WttJ6sjDkKzpdPyGw	Balvín, O., Munclinger, P., Kratochvíl, L., & Vilímová, J. (2012). Mitochondrial DNA and morphology show independent evolutionary histories of bedbug Cimex lectularius (Heteroptera: Cimicidae) on bats and humans. Parasitology Research, 111(1), 457-469.
44	ITIS:107058	Cimex lectularius							http://purl.obolibrary.org/obo/RO_0002444	parasite of		NCBI:txid51298	Myotis myotis								Borotín, Blansko district, castle, Borotín, Blansko district, castle, Czech Rep.	49.566667	16.666667	2006-06-28	10.1007/s00436-012-2862-5	https://idp.springer.com/authorize/casa?redirect_uri=https://link.springer.com/article/10.1007/s00436-012-2862-5&casa_token=Ys3992DCZCkAAAAA:8zsXpYBxa-5fk9onnIMwxIUXRiUEHHi_8F9D-TH4SXG-EBa0BTGxR1W_mPBeJt6D8WttJ6sjDkKzpdPyGw	Balvín, O., Munclinger, P., Kratochvíl, L., & Vilímová, J. (2012). Mitochondrial DNA and morphology show independent evolutionary histories of bedbug Cimex lectularius (Heteroptera: Cimicidae) on bats and humans. Parasitology Research, 111(1), 457-469.
411	ITIS:107058	Cimex lectularius							http://purl.obolibrary.org/obo/RO_0002444	parasite of		NCBI:txid51298	Myotis myotis								Martonyi, Borsod-Abaúj-Zemplén County, church, Martonyi, Borsod-Abaúj-Zemplén County, church, Hungary	48.466667	20.766667	2009-09-07	10.1007/s00436-012-2862-5	https://idp.springer.com/authorize/casa?redirect_uri=https://link.springer.com/article/10.1007/s00436-012-2862-5&casa_token=Ys3992DCZCkAAAAA:8zsXpYBxa-5fk9onnIMwxIUXRiUEHHi_8F9D-TH4SXG-EBa0BTGxR1W_mPBeJt6D8WttJ6sjDkKzpdPyGw	Balvín, O., Munclinger, P., Kratochvíl, L., & Vilímová, J. (2012). Mitochondrial DNA and morphology show independent evolutionary histories of bedbug Cimex lectularius (Heteroptera: Cimicidae) on bats and humans. Parasitology Research, 111(1), 457-469.
	ITIS:107058	Cimex lectularius							http://purl.obolibrary.org/obo/RO_0002444	parasite of		NCBI:txid109479	Myotis mystacinus														Poppius B (1912) Cimex verspertilionis n.sp. Acta Soc Fauna Flora Fenn 38:56–58
	ITIS:107058	Cimex lectularius							http://purl.obolibrary.org/obo/RO_0002444	parasite of		NCBI:txid59465	Nyctalus leisleri														Walter G (2004) Űberblick zum Vorkommen und zur Biologie von Ectoparasiten (Siphonaptera; Cimicidae; Nycteribiidae; Calliphoridae) bei Fledermäusen in Deutschland. Nyctalus 9(5):460–476
	ITIS:107058	Cimex lectularius							http://purl.obolibrary.org/obo/RO_0002444	parasite of		NCBI:txid59465	Nyctalus leisleri														Bobkova O (2001) Ectoparasitic fauna of migrant and residental bat species. Novitates Theriologicae 6:81–84
	ITIS:107058	Cimex lectularius							http://purl.obolibrary.org/obo/RO_0002444	parasite of		NCBI:txid59472	Pipistrellus kuhlii														Abul-Hab J (1979) On the bed bugs (Hemiptera, Cimicidae) in Iraq. Iraq Bull End Dis 19(1–4):65–76
	ITIS:107058	Cimex lectularius							http://purl.obolibrary.org/obo/RO_0002444	parasite of		NCBI:txid59474	Pipistrellus pipistrellus												10.1007/s00436-012-2862-5	https://idp.springer.com/authorize/casa?redirect_uri=https://link.springer.com/article/10.1007/s00436-012-2862-5&casa_token=Ys3992DCZCkAAAAA:8zsXpYBxa-5fk9onnIMwxIUXRiUEHHi_8F9D-TH4SXG-EBa0BTGxR1W_mPBeJt6D8WttJ6sjDkKzpdPyGw	Balvín, O., Munclinger, P., Kratochvíl, L., & Vilímová, J. (2012). Mitochondrial DNA and morphology show independent evolutionary histories of bedbug Cimex lectularius (Heteroptera: Cimicidae) on bats and humans. Parasitology Research, 111(1), 457-469.
	ITIS:107058	Cimex lectularius							http://purl.obolibrary.org/obo/RO_0002444	parasite of		NCBI:txid246814	Pipistrellus pygmaeus												10.1007/s00436-012-2862-5	https://idp.springer.com/authorize/casa?redirect_uri=https://link.springer.com/article/10.1007/s00436-012-2862-5&casa_token=Ys3992DCZCkAAAAA:8zsXpYBxa-5fk9onnIMwxIUXRiUEHHi_8F9D-TH4SXG-EBa0BTGxR1W_mPBeJt6D8WttJ6sjDkKzpdPyGw	Balvín, O., Munclinger, P., Kratochvíl, L., & Vilímová, J. (2012). Mitochondrial DNA and morphology show independent evolutionary histories of bedbug Cimex lectularius (Heteroptera: Cimicidae) on bats and humans. Parasitology Research, 111(1), 457-469.
	ITIS:107058	Cimex lectularius							http://purl.obolibrary.org/obo/RO_0002444	parasite of		NCBI:txid59485	Vespertilio murinus														Dubinij VB (1947) Ekologičeskije nabljudjenija nad krovososuščimi klopami sem. Cimicidae Daurskoj stepi. [Ecological remarks to bloodsucking bugs of the family Cimicidae of Daur steppe] (in Russian). Entomologičeskoje obozrenije 39(3–4):232–246